StudentID,age,traveltime,studytime,failures,famrel,freetime,goout,Dalc,Walc,absences,Grade,sex_encoded,school_encoded,address_encoded,famsize_Encoded,Pstatus_encoded,Medu_Encoded,Fedu_Encoded,Mjob_encoded,Fjob_encoded,reason_encoded,guardian_encoded,schoolsup_encoded,famsup_encoded,paid_encoded,activities_encoded,nursery_encoded,higher_encoded,internet_encoded,romantic_encoded,health_encoded,Gavg
745263,18,2,2,0,4,1,1,1,1,15,10,0,0,0,0.0,0,3.0,2.0,2,3,2,1,0,0,0,0,0,0,1,1,4.0,10.5
174740,17,2,1,0,4,3,3,2,2,5,11,0,1,1,0.0,1,3.0,2.0,0,2,2,1,0,0,0,0,1,1,0,1,0.0,10.316081330868762
308261,15,1,2,0,4,4,4,1,1,4,11,0,0,1,1.0,1,3.0,2.0,3,2,3,1,0,1,0,0,1,1,1,0,4.0,11.5
337549,17,1,1,0,4,5,3,1,1,4,10,0,1,1,0.0,1,2.0,2.0,2,0,0,1,0,1,0,1,1,0,0,0,4.0,9.0
318969,17,1,1,0,4,2,1,1,1,0,13,0,0,1,0.0,1,4.0,4.0,2,4,0,1,1,1,0,0,1,1,0,1,3.0,13.0
922352,16,1,4,0,5,2,3,1,3,1,13,0,0,1,0.0,1,2.0,2.0,2,2,3,1,0,0,0,0,1,1,1,1,2.0,13.0
721820,17,2,2,0,5,5,4,1,1,0,11,0,1,1,0.0,1,4.0,3.0,4,2,1,1,0,0,0,0,1,1,1,0,0.0,7.5
778843,16,2,4,0,4,3,2,1,1,2,11,1,0,1,0.0,1,3.0,1.0,2,2,3,0,0,1,0,0,1,1,1,0,4.0,12.0
368093,15,3,2,0,5,5,5,1,3,11,10,1,1,0,0.0,1,1.0,2.0,2,3,0,1,0,1,0,1,1,1,0,0,4.0,10.0
860463,18,1,2,1,2,3,2,1,3,8,8,0,1,1,0.0,0,2.0,4.0,2,3,3,0,0,1,0,0,1,1,1,0,0.0,6.5
757917,19,1,2,0,4,5,3,1,2,0,11,1,0,0,0.0,1,3.0,3.0,2,3,3,0,0,0,0,1,1,1,0,1,4.0,10.0
112666,17,3,1,0,3,2,2,1,2,8,11,0,0,1,1.0,0,2.0,1.0,2,2,0,1,0,1,0,0,1,1,1,0,4.0,10.5
339931,16,1,2,0,2,4,4,2,3,0,16,0,0,0,0.0,1,4.0,4.0,1,4,1,1,0,1,0,1,1,1,0,0,3.0,16.5
752664,17,2,1,1,4,2,4,2,3,30,16,0,0,1,0.0,1,4.0,4.0,3,4,2,1,0,1,0,0,1,1,1,0,1.0,14.5
260196,17,2,2,1,4,5,4,2,3,4,10,1,1,1,0.0,1,3.0,3.0,1,2,0,1,0,1,0,0,1,1,1,0,2.0,8.5
369544,17,1,3,0,4,3,3,1,1,0,14,0,0,1,0.0,1,1.0,1.0,3,4,3,1,0,1,0,0,1,1,1,0,2.0,13.0
987225,18,1,2,0,5,3,1,1,1,0,0,0,1,0,1.0,0,4.0,2.0,4,2,3,1,0,0,0,1,1,1,1,1,4.0,2.5
843583,18,3,2,0,4,3,4,1,4,0,15,0,1,0,1.0,0,1.0,2.0,0,2,0,1,0,0,0,0,1,1,0,1,4.0,15.5
388998,16,1,1,0,3,2,1,1,4,12,14,0,0,1,0.0,0,3.0,4.0,3,2,0,0,0,0,0,0,1,1,1,0,4.0,14.0
717075,16,1,2,0,4,4,3,1,3,4,12,0,0,1,0.0,1,2.0,3.0,2,2,3,1,1,1,0,1,1,1,0,0,3.0,11.5
562894,16,1,1,0,3,1,3,1,4,2,7,0,1,1,0.0,1,3.0,2.0,3,0,0,1,0,0,0,0,1,1,1,0,2.0,6.5
228391,17,1,3,0,3,4,3,2,3,0,17,0,0,1,0.0,1,3.0,1.0,3,3,0,0,0,1,0,0,0,1,1,0,4.0,17.5
104014,16,3,2,0,3,4,5,1,2,4,11,1,1,0,0.0,1,3.0,4.0,2,1,1,1,0,0,0,0,0,1,0,0,4.0,9.5
691460,17,1,2,0,3,2,3,1,2,0,12,0,0,1,1.0,1,4.0,3.0,1,2,3,0,0,0,0,1,1,1,1,1,2.0,13.0
647577,18,2,2,0,1,3,1,1,1,4,10,0,1,1,0.0,1,2.0,2.0,2,2,0,1,0,1,0,0,0,1,1,1,1.0,8.0
798376,18,1,3,0,4,3,3,1,2,0,18,0,0,1,0.0,1,2.0,2.0,0,0,1,1,0,1,0,0,1,1,1,0,1.0,18.0
284779,16,1,2,0,4,4,5,5,5,4,12,1,0,1,0.0,1,4.0,4.0,4,4,2,1,0,1,1,1,1,1,1,1,4.0,11.5
171295,18,1,3,0,5,3,2,1,1,2,12,1,0,0,0.0,1,3.0,2.0,2,2,0,1,0,0,0,1,0,1,0,0,2.0,10.5
151663,17,1,1,0,4,4,2,2,4,0,13,1,0,0,0.0,1,2.0,1.0,2,2,0,1,0,0,0,0,0,1,1,0,4.0,12.0
506716,17,2,1,0,3,5,5,2,2,3,10,0,1,0,0.0,1,1.0,1.0,0,0,0,0,0,1,0,1,1,0,1,1,3.0,10.5
418394,18,3,2,1,4,4,5,4,4,4,11,1,0,1,1.0,1,2.0,1.0,3,2,0,1,0,0,0,1,0,0,1,0,4.0,10.5
303861,19,2,1,3,3,2,1,1,1,4,9,1,1,1,0.0,1,3.0,2.0,0,3,0,1,0,0,0,1,1,1,0,0,2.0,8.5
406063,19,3,1,1,4,4,4,3,3,4,10,1,1,0,0.0,1,1.0,1.0,2,2,2,2,0,1,0,0,1,1,1,0,4.0,8.5
545101,16,2,2,0,5,4,5,4,5,0,0,1,1,1,0.0,1,1.0,1.0,0,3,2,1,0,1,0,1,1,1,0,1,2.0,3.5
668550,16,2,1,0,5,3,3,1,1,0,12,1,0,1,0.0,1,2.0,3.0,2,2,2,0,0,0,0,0,1,1,1,0,2.0,12.5
233883,19,1,2,0,4,3,3,1,1,0,11,0,0,1,0.0,1,2.0,2.0,3,3,2,1,0,1,0,0,1,1,1,0,4.0,10.0
458745,18,2,1,0,3,2,4,1,4,6,12,1,0,1,0.0,1,4.0,4.0,4,3,2,1,0,0,0,1,1,1,1,0,2.0,11.5
292506,17,1,2,0,4,3,3,1,2,0,12,1,0,1,0.0,1,1.0,1.0,2,2,3,0,0,0,0,0,0,1,1,0,3.0,12.0
143585,16,1,1,0,4,3,3,3,4,8,11,1,0,0,0.0,1,4.0,2.0,4,3,1,1,0,1,0,1,1,1,1,1,2.0,10.12014787430684
640652,18,1,2,0,5,2,3,1,2,2,11,0,1,1,1.0,0,1.0,1.0,0,3,0,1,0,0,0,0,1,1,0,1,2.0,9.816081330868762
172991,15,1,2,0,5,3,4,1,2,7,8,1,1,0,1.0,1,4.0,1.0,1,3,3,0,0,1,0,1,1,1,1,0,1.0,8.0
825451,17,1,3,0,5,4,4,1,3,0,13,0,0,1,0.0,1,4.0,4.0,4,3,0,1,0,1,0,1,1,1,1,0,3.0,12.5
987121,18,1,3,0,4,3,3,1,1,0,13,0,0,1,0.0,1,2.0,2.0,0,3,2,1,0,1,0,1,1,1,1,1,2.0,11.5
314283,16,1,3,0,5,3,2,1,1,4,16,0,0,1,0.0,1,4.0,4.0,4,3,2,1,0,1,0,1,0,1,1,0,4.0,15.5
494366,15,1,1,0,4,3,3,1,2,11,12,1,1,1,1.0,0,2.0,1.0,3,3,0,1,0,0,0,1,1,1,1,0,4.0,12.5
567281,17,1,2,0,5,4,4,1,1,0,16,1,0,1,0.0,0,3.0,4.0,3,2,0,1,0,1,0,1,1,1,1,0,0.0,16.0
662332,15,1,2,0,5,4,2,1,1,4,10,1,0,0,0.0,1,2.0,1.0,1,3,3,1,0,0,0,1,1,1,1,1,4.0,9.5
999684,17,1,1,0,5,4,5,1,2,22,6,1,0,1,0.0,1,2.0,1.0,2,2,2,1,0,1,0,0,1,1,1,0,4.0,8.0
121959,16,1,2,0,1,3,2,1,1,4,15,0,0,1,0.0,1,4.0,3.0,4,2,1,1,0,0,0,1,1,1,1,1,0.0,14.5
832180,17,2,2,0,4,1,4,1,1,2,13,0,0,1,0.0,0,4.0,4.0,2,4,2,1,1,1,0,0,1,1,0,0,0.0,11.5
870746,16,2,2,0,3,4,2,1,1,2,9,1,0,1,1.0,1,1.0,1.0,2,2,2,1,0,1,0,0,1,1,1,0,4.0,9.0
580761,15,1,2,0,4,5,4,1,1,4,12,0,1,0,0.0,1,3.0,3.0,3,2,3,1,0,1,0,0,1,1,1,1,0.0,12.5
798002,18,1,2,0,5,4,3,1,1,0,17,1,0,1,1.0,0,4.0,4.0,4,4,3,1,0,1,0,1,1,1,1,0,1.0,17.0
833429,17,1,1,0,5,5,5,5,5,4,11,1,1,0,1.0,1,1.0,2.0,0,3,3,1,0,1,0,1,1,1,1,0,2.0,10.5
907364,18,2,2,0,5,4,4,1,1,0,13,0,0,1,0.0,1,1.0,1.0,2,2,2,1,1,0,0,1,1,1,1,0,3.0,12.12014787430684
207512,18,1,2,1,2,4,4,1,1,2,13,0,0,1,0.0,1,4.0,4.0,1,1,3,0,1,1,0,1,1,1,1,1,3.0,11.62014787430684
411955,17,1,4,0,4,2,3,1,1,2,17,0,0,1,1.0,1,4.0,2.0,4,3,3,1,0,1,0,1,1,1,1,0,3.0,14.5
894824,17,3,2,0,5,4,5,2,4,2,10,1,0,0,0.0,1,3.0,4.0,0,2,0,1,0,0,0,0,1,1,0,0,4.0,9.5
554589,16,1,2,0,4,5,2,1,2,0,11,0,0,1,1.0,1,4.0,4.0,4,4,3,1,0,1,0,0,1,1,1,0,2.0,10.5
165725,15,1,1,0,5,4,1,1,1,0,10,1,0,1,0.0,1,2.0,2.0,3,3,0,0,1,1,0,0,1,1,1,0,0.0,9.5
552366,15,1,2,0,4,3,3,1,1,0,15,1,0,1,0.0,1,4.0,4.0,3,4,0,0,0,1,0,1,1,1,1,0,4.0,14.5
903591,16,1,1,0,5,3,2,2,2,0,14,1,0,1,0.0,1,3.0,1.0,2,2,3,1,0,0,0,1,1,1,0,0,4.0,13.0
750429,16,1,2,0,4,4,5,1,3,0,9,0,1,0,1.0,1,1.0,2.0,0,2,0,1,0,0,0,1,1,0,1,0,2.0,8.5
840427,17,1,1,1,1,2,1,2,3,0,0,1,1,1,0.0,1,2.0,2.0,2,2,0,1,0,0,0,1,1,1,0,1,4.0,3.5
168148,15,1,4,0,1,3,3,5,5,0,12,1,0,1,0.0,0,4.0,4.0,2,3,3,1,0,1,0,1,0,1,1,1,2.0,11.0
187498,15,3,3,0,5,2,2,1,1,0,13,0,0,1,0.0,1,2.0,1.0,3,2,3,0,0,1,0,1,1,1,1,0,3.0,11.0
867595,17,1,2,0,4,3,4,2,3,6,14,1,0,1,0.0,1,3.0,3.0,3,3,1,1,0,1,0,1,1,1,1,1,3.0,12.0
444894,17,1,1,0,4,2,3,1,2,1,14,0,1,0,0.0,1,4.0,1.0,2,2,1,1,0,0,0,0,1,1,1,1,4.0,13.5
738836,17,2,2,0,4,1,2,2,2,0,13,1,1,1,0.0,1,3.0,2.0,2,2,1,0,0,1,1,0,1,1,1,0,0.0,13.5
218015,17,1,1,1,5,4,4,2,2,0,7,0,1,0,0.0,1,1.0,1.0,2,2,1,0,0,1,0,0,0,0,1,0,4.0,6.0
277789,17,1,3,0,4,3,2,1,2,10,10,0,0,1,1.0,1,1.0,1.0,0,0,0,1,0,1,0,1,1,1,1,1,3.0,11.316081330868762
983811,17,2,2,0,4,3,3,1,2,0,18,0,1,1,0.0,1,4.0,2.0,2,2,0,1,0,1,0,0,1,1,1,0,3.0,17.5
650233,17,3,2,0,5,1,3,3,3,0,10,1,1,1,0.0,1,1.0,1.0,0,3,1,1,0,0,0,0,1,1,1,1,0.0,10.0
790607,18,2,1,1,5,5,5,1,1,0,0,0,1,0,0.0,1,2.0,2.0,2,2,1,1,0,0,0,0,1,0,1,1,2.0,7.0
864469,15,2,2,0,5,3,3,1,3,2,13,1,0,1,1.0,1,2.0,2.0,3,3,2,1,0,0,1,1,1,1,1,0,3.0,12.5
250810,18,1,4,0,5,3,3,1,1,4,15,0,0,1,1.0,1,3.0,3.0,3,3,2,1,0,1,0,0,1,1,1,0,0.0,14.0
671542,18,1,4,0,4,5,5,1,3,10,16,0,0,1,0.0,1,2.0,3.0,2,3,3,0,0,1,0,1,1,1,1,1,1.0,16.0
760960,18,1,3,0,5,4,3,2,3,4,17,0,0,1,0.0,1,3.0,2.0,2,3,1,1,0,0,0,0,1,1,1,1,0.0,15.0
824839,16,1,2,0,2,4,3,1,2,14,11,0,0,1,0.0,1,3.0,4.0,0,2,0,1,0,1,0,0,1,1,1,0,2.0,11.5
876997,16,2,2,0,5,4,4,2,4,2,10,1,0,1,1.0,1,2.0,2.0,2,2,3,1,0,1,0,1,1,1,1,0,4.0,10.0
265838,18,1,2,0,4,4,4,2,4,10,11,1,0,1,0.0,1,2.0,2.0,3,2,2,1,0,1,0,1,1,1,1,0,4.0,11.5
639439,18,1,2,0,4,3,2,1,4,2,16,1,0,1,0.0,1,4.0,2.0,4,2,2,1,0,1,0,1,1,1,1,1,4.0,15.5
977844,19,3,2,2,5,3,4,1,1,2,9,0,0,1,1.0,0,1.0,1.0,2,2,0,2,0,1,0,0,0,1,1,1,3.0,8.0
139353,16,1,2,0,2,3,1,1,1,0,14,0,0,1,0.0,1,2.0,3.0,3,4,1,1,1,0,0,0,1,1,1,0,2.0,13.0
937437,17,2,2,0,4,2,5,1,2,0,11,0,0,0,0.0,1,2.0,1.0,0,3,3,1,0,1,0,1,1,1,1,0,4.0,10.5
925816,18,2,2,0,4,3,5,1,2,12,10,0,0,0,0.0,1,2.0,1.0,2,2,3,1,0,1,0,0,1,0,1,1,2.0,8.5
369536,18,1,1,1,4,4,3,2,2,26,8,1,0,1,0.0,1,2.0,2.0,2,0,0,2,0,1,0,1,0,0,1,1,0.0,7.5
728776,16,1,1,1,5,3,4,1,1,12,11,0,0,1,0.0,0,2.0,2.0,2,2,2,1,0,0,0,0,1,1,0,0,4.0,12.0
792517,17,1,2,0,4,3,2,1,1,10,10,0,0,1,0.0,1,1.0,1.0,0,2,0,1,1,0,0,0,0,1,0,1,3.0,9.5
539792,17,1,3,0,4,3,4,1,1,12,12,0,0,1,0.0,1,1.0,1.0,0,2,3,1,0,1,0,1,1,1,0,1,4.0,12.0
326507,18,1,1,0,4,3,3,2,3,0,9,1,1,1,1.0,1,1.0,3.0,0,3,0,1,0,0,0,0,1,0,1,1,2.0,9.5
785440,16,3,1,0,3,3,4,3,5,16,3,1,0,0,1.0,1,3.0,3.0,4,2,2,0,0,1,0,1,1,1,1,0,2.0,10.5
237337,15,1,2,0,5,5,1,1,1,0,13,1,0,1,0.0,1,3.0,4.0,2,2,2,1,0,1,0,1,1,1,1,0,4.0,12.0
288751,17,2,2,1,4,5,5,1,3,4,11,1,1,0,0.0,1,4.0,3.0,3,2,2,1,0,1,0,1,0,1,1,1,1.0,10.5
501896,20,2,2,0,1,2,3,1,2,8,12,0,0,0,0.0,1,2.0,1.0,2,2,0,2,0,1,1,1,1,0,1,1,1.0,11.0
233272,17,2,2,0,4,2,1,1,1,2,14,0,0,1,0.0,1,2.0,3.0,2,2,0,0,0,0,0,1,1,1,1,1,2.0,11.5
604999,18,1,2,0,4,1,3,1,2,1,16,0,1,1,0.0,1,3.0,3.0,2,2,2,1,0,0,0,0,1,1,1,1,0.0,16.0
799438,17,1,1,0,4,3,2,1,2,9,10,0,1,1,0.0,1,1.0,1.0,2,0,0,1,0,1,0,1,1,1,0,0,4.0,8.0
441097,15,1,2,0,4,3,2,2,3,2,12,0,0,1,0.0,1,1.0,1.0,2,2,2,0,0,1,0,1,0,1,1,0,3.0,12.5
242483,18,1,2,0,5,2,4,1,2,2,16,1,0,1,0.0,1,2.0,1.0,2,2,2,1,0,0,0,1,1,1,1,0,3.0,16.0
866577,15,1,2,0,5,3,4,1,2,0,14,1,1,0,1.0,1,4.0,1.0,1,3,3,0,0,1,0,1,1,1,1,0,1.0,12.5
642335,17,1,2,0,3,1,3,1,5,6,10,1,0,0,0.0,1,1.0,2.0,0,2,2,1,0,0,0,0,1,1,0,0,2.0,9.0
209556,17,1,2,0,5,4,2,2,3,0,17,0,0,1,0.0,1,2.0,4.0,3,3,3,0,0,1,0,1,1,1,0,0,4.0,17.5
713333,17,2,1,0,5,2,2,1,1,2,13,1,0,1,0.0,1,2.0,3.0,2,2,0,0,0,0,0,0,1,1,1,0,1.0,10.5
723587,16,2,2,0,5,3,3,1,1,2,14,0,0,1,0.0,1,4.0,2.0,4,3,2,1,0,1,0,1,1,1,1,0,0.0,13.5
128251,17,1,1,0,5,1,3,1,2,5,9,0,1,0,0.0,1,2.0,2.0,0,2,1,1,0,1,1,0,1,1,1,0,4.0,9.0
218834,18,2,1,1,3,2,3,1,1,4,10,0,1,0,0.0,1,1.0,1.0,0,0,0,1,0,0,0,0,0,0,1,1,1.0,10.0
388790,18,2,2,0,4,3,5,1,1,2,14,0,1,1,0.0,1,2.0,2.0,3,0,3,0,0,0,0,1,0,1,1,0,0.0,12.5
314176,16,1,2,0,5,3,3,1,1,2,13,1,0,1,1.0,0,3.0,4.0,3,2,2,1,1,1,1,1,1,1,1,0,4.0,12.0
873290,16,3,1,1,3,4,5,2,4,4,10,1,0,1,0.0,1,3.0,4.0,2,2,0,0,0,1,0,1,0,1,1,0,1.0,9.0
903451,16,2,2,0,3,3,3,1,1,0,10,0,1,0,0.0,1,2.0,3.0,0,3,1,1,0,1,0,1,1,1,1,0,1.0,9.0
974371,17,4,2,0,5,3,5,1,5,0,8,1,0,0,1.0,1,1.0,1.0,2,3,0,1,0,0,0,1,1,0,0,1,4.0,8.0
613153,16,1,1,0,5,3,5,1,2,4,11,0,0,1,0.0,1,1.0,2.0,2,2,0,1,0,0,0,0,1,0,1,0,4.0,11.5
301664,15,1,3,0,4,2,2,1,1,2,13,0,0,1,0.0,1,4.0,4.0,4,3,0,1,0,1,0,1,1,1,1,0,4.0,13.0
206530,15,1,2,0,4,3,3,2,3,0,11,1,0,1,0.0,1,4.0,3.0,4,2,2,1,0,1,0,1,1,1,1,0,4.0,11.0
802335,18,1,3,0,4,3,4,1,1,2,17,0,0,1,0.0,1,4.0,3.0,2,2,0,1,0,1,0,1,1,1,1,1,4.0,14.5
323165,16,1,2,0,3,3,3,2,3,0,12,0,0,1,1.0,1,3.0,1.0,2,2,2,0,1,1,0,0,1,1,0,0,1.0,12.5
924792,18,1,2,0,3,4,4,1,2,2,11,0,0,1,0.0,1,1.0,4.0,2,4,2,1,1,1,0,0,0,1,0,1,4.0,10.0
748531,15,2,2,0,4,1,3,1,3,0,11,0,0,0,1.0,1,2.0,2.0,1,3,3,1,1,1,0,0,1,1,1,0,3.0,10.5
956703,18,1,3,0,4,3,3,2,2,0,13,1,0,1,0.0,1,4.0,4.0,2,2,0,1,0,0,0,1,1,1,1,0,2.0,13.5
480002,18,1,3,0,4,2,4,1,3,0,15,1,0,1,0.0,1,2.0,1.0,3,3,3,1,0,0,0,1,1,1,1,0,1.0,14.5
961882,16,2,2,0,4,4,5,1,1,0,15,0,0,1,1.0,1,3.0,3.0,2,2,3,1,0,1,0,1,1,1,1,0,3.0,14.0
378167,16,1,1,0,4,4,4,1,2,6,17,0,0,1,0.0,1,4.0,4.0,1,2,2,1,0,1,0,0,1,1,1,0,1.0,17.0
717296,17,2,1,0,2,4,5,3,4,6,10,1,1,1,1.0,1,3.0,1.0,3,3,0,1,0,0,0,0,0,1,1,0,1.0,10.0
566960,18,1,2,0,4,4,4,1,3,11,12,1,0,1,1.0,1,2.0,2.0,3,3,3,1,0,1,0,1,0,0,1,0,2.0,10.0
538974,16,2,2,0,4,4,2,1,1,6,11,1,0,1,0.0,1,2.0,2.0,3,2,3,0,0,0,0,1,0,1,1,0,2.0,11.0
903328,17,2,1,0,5,1,2,3,3,2,12,1,1,0,1.0,1,1.0,3.0,2,2,0,0,0,0,0,1,1,1,0,1,4.0,11.5
148984,16,2,1,0,5,4,2,1,1,6,15,1,0,1,0.0,1,3.0,3.0,2,3,2,0,0,0,0,1,1,1,1,0,4.0,14.0
251836,18,2,1,0,4,4,3,1,3,0,0,1,1,0,0.0,1,2.0,1.0,2,2,1,1,0,0,0,1,0,1,1,1,4.0,7.0
132097,16,1,1,1,4,4,3,1,4,1,10,0,1,1,0.0,1,2.0,2.0,2,3,0,0,0,1,1,1,0,1,1,0,2.0,9.5
586232,15,1,2,0,5,3,2,1,1,0,12,1,0,1,1.0,1,3.0,3.0,2,2,0,1,0,0,0,1,0,1,1,0,1.0,12.5
221958,18,2,2,0,4,3,4,1,1,4,11,0,0,1,0.0,0,4.0,4.0,0,4,0,1,1,0,0,0,1,1,0,0,2.0,5.5
767521,18,2,3,0,5,3,3,1,3,0,15,0,1,0,0.0,1,2.0,2.0,0,2,1,1,0,0,0,0,1,1,0,0,3.0,15.5
325281,17,1,2,0,4,4,2,5,5,0,16,1,0,1,1.0,1,2.0,2.0,2,2,2,0,0,0,0,1,0,1,1,1,3.0,16.0
405628,17,1,3,0,4,4,2,1,2,2,15,1,0,1,1.0,0,4.0,4.0,1,2,3,1,0,1,0,0,1,1,1,0,3.0,13.5
673665,18,1,2,0,4,3,3,2,2,0,13,1,0,1,0.0,1,4.0,4.0,4,3,2,0,0,1,0,1,1,1,1,0,1.0,12.0
653663,16,1,1,0,4,4,4,2,4,4,11,1,1,0,1.0,1,1.0,2.0,2,0,0,1,0,0,0,0,1,1,0,0,4.0,9.5
570587,19,1,2,1,3,3,3,4,3,0,10,0,0,0,0.0,1,3.0,2.0,3,3,3,0,1,1,0,0,1,0,1,0,2.0,8.5
427069,16,1,2,0,4,5,1,1,3,0,14,1,0,1,1.0,1,4.0,2.0,4,2,0,1,0,0,0,1,1,1,1,0,4.0,12.5
339629,16,4,1,0,5,5,5,5,5,0,16,0,0,1,0.0,1,1.0,1.0,3,3,0,0,1,1,0,1,0,1,1,1,4.0,10.0
476896,15,2,2,0,4,4,3,1,1,4,16,1,0,1,0.0,1,4.0,4.0,2,4,3,0,0,1,0,1,1,1,0,0,1.0,15.5
460260,18,1,1,0,5,4,5,1,1,3,17,1,1,1,1.0,1,4.0,4.0,3,2,3,1,0,1,0,1,1,1,1,0,4.0,17.0
435674,17,1,1,0,5,2,1,1,2,6,11,0,0,0,1.0,1,4.0,4.0,3,2,1,1,0,1,0,0,1,1,0,0,2.0,11.5
302283,16,1,2,0,4,1,3,3,5,6,10,1,0,1,1.0,0,4.0,4.0,4,1,3,1,0,1,0,0,1,1,0,0,4.0,9.0
827270,16,1,2,0,5,1,5,1,1,0,13,0,0,1,0.0,1,2.0,2.0,2,2,2,1,0,1,0,0,0,1,1,0,3.0,12.0
561079,18,2,3,0,4,4,4,1,1,10,11,0,0,1,0.0,1,2.0,1.0,2,2,0,2,0,1,0,0,0,1,1,1,2.0,11.0
455528,18,1,1,2,3,2,5,2,5,4,6,1,0,1,0.0,1,2.0,1.0,3,3,1,1,0,0,0,0,0,0,1,0,4.0,7.5
164820,17,1,1,3,5,5,5,2,4,2,7,1,0,1,0.0,1,3.0,2.0,3,3,0,1,0,1,1,1,1,1,1,0,4.0,8.0
373255,17,2,1,0,4,4,4,2,3,8,9,1,0,1,0.0,1,2.0,2.0,2,2,2,0,0,0,0,0,1,0,1,0,3.0,8.0
538741,18,1,4,0,4,5,5,2,4,0,12,1,0,1,1.0,1,2.0,2.0,2,2,0,1,0,1,1,1,1,1,1,0,4.0,11.0
451279,16,2,1,0,3,3,3,1,2,8,11,0,0,0,0.0,1,1.0,1.0,2,3,3,1,0,1,0,1,1,1,0,1,0.0,11.5
909760,19,3,3,0,1,5,5,4,3,12,11,0,0,1,0.0,1,1.0,1.0,2,2,0,2,0,0,0,1,1,0,0,1,4.0,10.0
217796,17,1,2,0,5,4,5,1,2,12,14,0,0,1,0.0,1,2.0,2.0,2,2,0,1,0,1,0,0,0,1,1,0,4.0,12.0
221172,17,2,1,0,4,4,3,1,1,0,11,0,1,0,0.0,1,0.0,0.0,0,2,0,1,0,1,0,0,1,1,1,0,4.0,10.5
805696,17,1,2,1,4,5,4,1,2,0,10,0,1,0,0.0,1,3.0,2.0,0,2,0,0,0,0,0,0,1,1,0,1,4.0,10.0
145714,17,1,2,0,4,3,5,2,4,4,16,0,0,1,0.0,1,2.0,1.0,3,2,3,1,0,1,0,1,1,1,1,0,3.0,14.0
691723,16,1,2,0,2,3,5,1,4,6,13,0,0,1,1.0,0,3.0,3.0,2,3,2,1,0,1,0,0,1,1,1,0,2.0,12.5
842452,17,3,2,0,2,1,1,1,1,2,13,0,0,0,0.0,1,2.0,1.0,0,3,0,1,0,0,0,1,1,1,0,0,2.0,13.0
542296,16,1,2,0,4,2,3,1,2,0,13,1,0,1,0.0,1,3.0,3.0,3,2,2,1,0,0,0,1,1,1,1,1,2.0,11.5
980729,18,3,1,0,4,4,1,3,4,4,11,1,1,0,1.0,1,3.0,2.0,3,2,0,1,0,0,0,0,0,1,1,0,4.0,10.5
200235,16,2,2,0,1,2,4,2,2,8,10,0,1,1,1.0,1,4.0,1.0,2,2,2,1,0,1,0,1,1,1,1,0,0.0,9.5
448951,16,1,3,0,5,3,3,1,1,4,14,1,0,1,0.0,1,3.0,3.0,3,2,2,0,0,1,0,1,1,1,1,0,4.0,13.5
876665,19,1,1,0,1,4,4,1,1,0,7,0,1,1,1.0,0,1.0,1.0,0,2,0,1,0,1,0,0,1,0,0,0,4.0,7.0
493002,16,1,2,0,5,4,3,2,1,0,15,0,1,1,0.0,1,1.0,1.0,0,2,0,0,0,1,0,0,0,1,0,1,1.0,13.5
628787,17,2,4,0,3,1,2,1,1,0,19,0,0,0,1.0,1,3.0,1.0,3,2,3,1,0,1,0,0,1,1,0,0,2.0,18.5
997059,16,2,1,0,2,4,3,2,3,4,10,1,1,1,1.0,1,2.0,1.0,0,3,0,1,0,1,0,1,1,1,1,0,3.0,9.0
591072,19,2,2,1,4,3,3,1,1,4,9,0,1,0,0.0,1,1.0,1.0,0,2,0,2,0,1,0,0,1,1,1,1,2.0,7.5
291475,19,3,2,1,5,4,4,3,3,8,11,1,1,0,0.0,1,1.0,1.0,2,3,2,2,0,0,0,0,1,1,1,0,1.0,9.5
701863,15,2,1,0,4,3,3,2,4,11,11,1,1,1,0.0,1,3.0,3.0,3,3,0,0,0,1,0,1,0,1,1,0,2.0,11.0
548982,16,3,2,0,3,4,5,1,2,1,11,0,1,0,0.0,1,2.0,2.0,2,2,0,0,0,1,0,0,1,0,1,0,0.0,9.5
425352,18,1,3,0,4,3,4,1,2,5,17,0,0,1,0.0,1,3.0,2.0,0,2,3,0,0,1,0,0,1,1,1,1,1.0,15.5
556551,15,2,4,0,2,2,2,1,1,6,11,1,0,1,0.0,1,4.0,3.0,4,3,0,0,1,1,0,0,1,1,1,0,2.0,10.0
803550,16,1,2,0,5,4,4,1,1,0,11,0,0,1,0.0,1,2.0,2.0,2,2,2,1,0,0,0,0,1,1,1,1,4.0,11.5
549395,16,1,1,0,3,1,3,1,3,0,8,0,1,1,0.0,1,3.0,1.0,2,2,0,1,0,0,0,1,1,1,1,0,0.0,7.0
641252,17,2,1,0,5,5,5,3,5,0,10,1,1,0,0.0,1,2.0,2.0,2,2,0,1,0,0,0,1,1,0,0,1,4.0,10.5
874684,16,2,2,0,4,3,2,1,1,0,18,1,0,1,0.0,1,1.0,0.0,2,2,3,1,0,1,0,1,1,1,1,1,2.0,16.5
431593,17,1,2,0,4,5,4,2,3,10,9,0,1,0,0.0,1,3.0,1.0,0,2,3,1,0,1,0,1,0,1,1,0,0.0,8.5
506619,17,2,2,0,4,3,5,1,2,0,11,0,1,0,0.0,1,2.0,2.0,0,2,0,1,0,1,0,0,1,1,1,0,3.0,10.5
924926,19,2,1,1,4,3,2,1,3,0,0,1,1,0,0.0,1,1.0,1.0,2,3,1,1,0,0,0,0,1,1,0,0,4.0,6.5
692673,18,3,2,1,4,3,3,1,1,0,0,0,1,0,0.0,1,2.0,2.0,0,2,0,1,0,0,0,1,1,1,0,1,3.0,4.5
475713,18,2,1,0,3,3,4,4,5,2,12,1,0,1,1.0,1,3.0,1.0,3,3,0,1,0,0,0,1,1,1,1,1,3.0,11.0
130535,16,4,2,0,5,1,3,1,1,0,13,0,0,0,0.0,1,1.0,1.0,0,2,0,1,0,1,0,0,1,1,0,0,2.0,13.5
827975,16,1,2,0,4,3,3,2,3,0,16,0,1,0,0.0,1,4.0,4.0,1,4,3,0,0,0,0,1,0,1,1,1,1.0,15.0
887201,16,1,1,0,3,1,3,1,3,6,12,1,0,1,1.0,1,4.0,3.0,1,2,2,0,0,0,0,1,1,1,1,0,4.0,12.0
150015,16,1,2,1,4,5,5,4,4,0,1,1,0,1,0.0,1,3.0,3.0,2,3,0,0,0,1,0,0,1,1,1,1,4.0,10.0
698135,17,1,3,0,4,4,3,1,2,0,16,1,1,1,1.0,1,4.0,4.0,2,3,2,1,0,1,0,0,1,1,1,0,4.0,14.5
999159,15,1,1,0,4,3,3,1,3,0,12,1,0,1,1.0,1,4.0,4.0,1,3,0,0,0,1,0,1,1,1,1,0,4.0,12.5
891743,16,1,1,0,1,2,2,1,3,6,12,0,0,1,0.0,1,2.0,2.0,3,3,2,1,0,1,0,0,0,1,1,0,4.0,10.5
635017,16,3,2,0,4,5,4,1,2,2,15,0,1,0,0.0,1,2.0,3.0,2,3,0,1,0,1,0,0,1,1,1,0,0.0,15.0
647707,17,1,1,3,2,2,2,3,3,14,10,1,0,0,1.0,1,1.0,2.0,2,2,3,1,0,0,0,0,1,1,0,0,4.0,8.5
929957,20,2,3,0,3,2,2,1,3,8,15,0,0,0,0.0,1,1.0,1.0,2,2,3,2,0,0,0,0,1,1,1,1,2.0,13.0
837378,18,2,2,0,5,3,3,1,2,2,15,0,0,1,0.0,1,2.0,1.0,3,2,0,1,0,1,0,1,1,1,1,0,0.0,12.0
840976,17,2,2,0,4,5,2,1,1,0,13,1,0,0,0.0,1,2.0,2.0,2,2,0,0,0,1,0,1,1,1,1,0,0.0,12.5
473632,19,1,2,2,4,4,3,3,4,2,10,1,1,1,0.0,1,1.0,1.0,2,2,1,1,0,1,0,1,1,0,1,0,3.0,9.0
481050,17,2,3,0,4,3,3,1,1,2,15,1,0,0,0.0,1,1.0,1.0,2,2,2,0,0,0,0,0,0,1,1,1,0.0,13.5
591234,16,1,1,0,3,4,4,3,3,4,11,0,0,1,1.0,1,1.0,1.0,0,0,0,1,0,0,0,0,1,1,1,0,0.0,10.5
580754,15,1,2,0,5,3,2,1,1,0,11,0,0,1,1.0,0,3.0,4.0,2,2,2,1,1,0,0,1,1,1,1,1,0.0,10.5
811851,18,1,2,0,4,3,5,1,4,9,15,1,0,1,1.0,0,3.0,4.0,2,2,3,2,0,0,0,1,1,1,1,1,1.0,13.5
115708,17,2,1,1,4,4,4,1,2,0,10,1,0,1,1.0,1,1.0,1.0,1,2,0,1,0,1,0,1,1,1,1,0,4.0,9.5
336584,15,1,1,0,3,5,2,1,1,10,18,1,0,1,1.0,1,4.0,2.0,4,2,0,1,0,0,0,0,1,1,1,0,2.0,17.5
182074,15,2,1,0,5,1,2,1,1,3,13,0,1,0,0.0,1,1.0,2.0,2,3,0,1,0,0,0,0,1,1,0,0,0.0,12.0
872838,16,2,1,2,4,4,5,3,5,0,10,1,0,1,1.0,1,1.0,2.0,1,3,0,1,0,0,0,0,0,1,1,0,4.0,8.5
449457,15,1,2,0,3,2,2,1,1,8,16,1,0,1,0.0,1,4.0,4.0,4,1,3,1,0,1,0,1,1,1,0,0,4.0,15.0
469599,18,1,3,0,4,3,3,1,2,0,14,0,0,1,0.0,1,2.0,3.0,0,2,0,1,0,1,0,0,1,1,1,0,2.0,11.5
760890,16,2,1,0,4,3,2,1,4,2,13,0,0,1,0.0,1,1.0,1.0,0,2,2,1,0,1,0,0,1,1,0,0,4.0,12.5
210078,18,1,2,0,4,3,3,1,3,8,10,1,0,0,1.0,1,3.0,3.0,2,3,0,1,0,1,0,0,1,1,1,1,4.0,9.5
429365,16,3,2,0,5,3,2,1,1,2,14,0,0,1,0.0,1,3.0,3.0,2,2,3,1,1,1,0,1,1,1,0,0,3.0,13.5
867836,17,1,1,0,4,4,4,1,1,2,17,0,0,0,0.0,1,4.0,4.0,4,4,0,1,0,0,0,1,1,1,1,0,4.0,15.5
531839,18,2,1,1,4,1,1,1,1,14,7,0,0,1,0.0,1,3.0,3.0,2,2,0,1,0,0,0,0,1,0,1,0,2.0,7.5
554351,18,1,1,0,5,4,4,1,1,4,14,0,0,1,0.0,1,3.0,4.0,2,2,0,1,0,1,0,1,1,1,1,1,0.0,11.5
249143,17,2,2,0,3,2,2,1,2,0,13,0,1,0,0.0,1,1.0,2.0,2,3,0,0,0,0,0,0,0,1,0,0,2.0,13.0
479989,16,2,2,0,3,4,4,1,4,0,14,0,0,1,0.0,1,2.0,2.0,3,2,3,1,0,0,0,1,0,1,1,0,4.0,12.5
207450,17,2,3,0,4,3,3,1,2,4,15,0,0,1,0.0,1,4.0,4.0,4,4,0,1,0,1,0,0,0,1,1,1,3.0,14.5
455612,18,1,2,2,4,4,5,1,3,9,8,1,1,1,0.0,1,3.0,3.0,0,0,0,1,0,1,0,1,1,0,1,0,2.0,6.0
465871,17,1,1,0,4,4,4,3,4,18,13,1,0,1,1.0,0,3.0,2.0,4,3,2,1,0,0,0,0,1,1,1,0,2.0,13.0
635822,15,1,4,0,4,3,4,1,1,2,12,1,0,1,1.0,1,2.0,2.0,3,1,3,1,0,1,0,1,1,1,1,0,3.0,11.5
835716,16,1,2,0,4,3,5,2,4,0,11,1,0,1,0.0,1,2.0,2.0,2,2,0,0,0,0,0,0,1,0,1,0,3.0,9.5
577095,18,1,2,0,4,3,2,1,1,2,11,1,0,1,0.0,1,4.0,3.0,4,2,0,1,0,1,0,0,0,1,1,0,2.0,10.0
694319,19,1,1,1,4,4,4,1,1,0,10,0,1,1,0.0,1,2.0,3.0,0,3,0,2,0,0,0,0,1,0,1,1,1.0,9.0
789944,15,2,1,1,4,4,3,1,2,4,8,0,1,0,1.0,1,1.0,1.0,2,3,0,1,0,1,0,0,1,1,1,1,1.0,6.5
864121,18,2,2,2,4,3,3,1,1,2,8,0,1,1,0.0,0,1.0,2.0,0,2,0,1,0,1,0,0,1,1,0,0,4.0,7.0
749150,19,1,3,1,5,3,1,1,1,6,9,0,1,1,0.0,1,1.0,1.0,0,3,0,1,0,0,0,1,1,0,0,1,2.0,8.0
744167,16,1,2,0,5,4,2,1,2,6,13,1,0,1,1.0,1,4.0,3.0,3,2,3,1,0,1,0,1,1,1,1,0,4.0,12.0
184654,15,1,2,0,5,2,2,1,1,4,11,0,0,1,1.0,0,4.0,3.0,2,2,0,1,1,1,1,1,1,1,1,1,4.0,10.5
215294,16,2,2,0,4,4,4,1,1,0,12,0,1,0,0.0,1,2.0,2.0,2,2,0,1,0,1,0,1,1,1,1,0,4.0,12.0
544209,18,1,2,1,3,4,4,2,3,9,8,0,1,1,0.0,1,1.0,2.0,2,2,0,0,0,1,0,1,1,1,1,1,4.0,8.5
170313,17,1,1,1,5,3,5,5,5,12,7,1,1,1,0.0,1,1.0,2.0,2,2,0,0,0,1,0,1,1,0,1,1,0.0,6.5
141090,16,1,3,0,3,2,3,1,2,10,14,0,0,1,0.0,1,4.0,4.0,3,3,3,1,0,1,0,1,1,1,1,0,1.0,13.0
428947,15,1,2,0,4,3,3,2,2,4,13,1,0,1,0.0,1,4.0,2.0,4,2,2,1,0,1,0,0,1,1,0,0,4.0,11.5
987474,18,3,1,0,4,3,3,2,3,3,10,1,1,0,1.0,1,1.0,2.0,0,3,1,0,0,1,0,1,1,0,1,1,2.0,9.5
990617,17,2,1,0,4,4,3,1,1,0,13,0,1,1,0.0,1,3.0,3.0,3,3,0,1,0,1,0,0,1,1,1,0,3.0,11.5
465838,15,1,3,0,3,2,2,1,1,0,14,0,0,1,0.0,1,4.0,2.0,1,3,2,1,0,1,0,1,1,1,1,1,4.0,14.0
584963,17,1,2,0,5,5,5,1,3,0,0,0,1,1,0.0,1,4.0,2.0,4,3,2,1,1,1,0,1,1,1,1,0,4.0,8.0
182989,18,1,2,0,4,2,2,1,1,0,17,0,0,1,1.0,1,4.0,2.0,4,2,0,1,0,1,0,1,1,1,1,0,2.0,15.5
247718,17,2,2,0,4,3,3,1,1,6,16,0,0,1,0.0,1,2.0,4.0,0,1,3,1,0,1,0,0,1,1,1,1,0.0,15.5
518400,16,3,2,1,5,3,3,1,3,4,10,1,0,1,0.0,1,3.0,3.0,0,2,3,2,1,1,0,0,0,1,1,0,1.0,10.0
840674,15,2,1,0,1,5,1,3,5,0,14,0,1,0,0.0,1,4.0,4.0,4,2,0,1,0,0,0,0,1,1,1,1,4.0,13.5
710490,16,2,1,0,3,3,2,1,3,2,12,1,0,0,0.0,1,2.0,1.0,2,2,0,1,0,0,0,1,0,1,0,0,2.0,13.5
177505,18,1,2,0,4,1,4,1,1,8,14,0,0,1,0.0,1,3.0,3.0,0,2,0,0,0,1,0,0,1,1,1,0,2.0,11.5
328576,17,1,2,0,5,3,5,4,5,15,12,1,0,1,1.0,1,4.0,4.0,3,2,2,1,0,1,0,0,1,1,1,1,2.0,12.5
203355,15,1,1,0,4,2,2,1,2,8,12,1,0,1,0.0,1,2.0,2.0,2,2,2,1,0,1,0,0,1,1,1,0,4.0,11.5
476836,16,3,2,0,5,3,2,1,1,0,18,0,1,0,1.0,1,1.0,1.0,0,2,0,0,0,1,0,0,1,1,0,0,0.0,16.5
225657,18,1,2,0,5,5,4,3,5,16,8,1,0,1,0.0,1,2.0,2.0,2,3,3,0,0,0,0,0,1,0,1,0,1.0,7.5
373538,16,3,2,0,4,3,3,2,3,0,13,0,0,1,1.0,1,2.0,2.0,3,3,0,1,0,1,0,0,1,1,1,0,3.0,13.5
979989,17,2,2,0,4,4,4,1,3,2,15,0,0,1,1.0,1,3.0,2.0,2,2,3,1,0,0,0,0,1,1,1,0,0.0,15.0
484681,16,2,3,0,2,4,3,1,1,4,13,1,0,0,0.0,0,4.0,4.0,2,4,3,1,0,1,0,1,1,1,1,1,4.0,13.0
572525,15,2,1,0,4,4,2,1,1,0,10,0,0,1,1.0,0,2.0,1.0,0,2,2,1,0,1,0,1,1,0,1,1,4.0,10.5
293075,18,2,2,3,3,3,3,5,5,9,10,1,0,1,0.0,1,2.0,2.0,2,2,2,1,0,1,1,0,1,1,1,0,3.0,9.5
814635,18,2,2,0,3,3,4,2,4,0,9,1,1,0,0.0,1,1.0,3.0,0,2,0,1,0,1,1,0,1,1,0,0,2.0,9.0
731347,17,2,2,2,4,4,4,1,4,4,8,1,0,0,0.0,1,3.0,2.0,2,2,0,1,1,1,0,0,1,1,1,1,2.0,6.5
277247,17,1,2,1,5,4,4,3,4,8,8,1,1,1,0.0,1,3.0,4.0,3,2,1,1,0,1,0,1,0,1,1,1,4.0,8.5
855073,16,2,2,0,4,3,3,1,1,0,11,1,1,0,0.0,1,1.0,2.0,2,2,0,0,0,0,0,0,1,1,0,0,4.0,10.5
164044,16,1,2,0,3,4,3,2,3,4,11,1,0,1,0.0,1,4.0,3.0,4,2,2,1,0,1,1,1,1,1,1,0,2.0,10.5
629525,16,1,1,0,4,1,2,2,1,0,11,1,1,0,1.0,1,4.0,1.0,2,0,1,0,0,0,0,0,1,1,1,0,1.0,10.5
671621,18,1,2,0,5,3,4,1,1,8,12,0,0,1,0.0,1,3.0,3.0,3,3,2,1,0,0,0,1,1,1,1,0,3.0,10.5
825948,18,3,2,0,3,2,2,4,2,0,0,0,1,0,0.0,1,4.0,4.0,2,4,1,0,0,1,0,0,0,1,1,1,4.0,6.0
234415,17,1,1,0,4,1,2,1,1,4,12,1,1,1,1.0,0,1.0,0.0,2,2,2,1,0,0,0,0,1,1,0,1,4.0,11.0
877089,16,1,4,0,4,3,3,1,2,0,10,0,0,1,0.0,1,3.0,1.0,3,2,0,1,1,1,0,0,1,1,1,0,4.0,9.5
271890,17,1,1,0,4,2,5,2,5,2,11,0,0,1,0.0,1,3.0,3.0,0,2,0,1,0,1,1,1,1,1,1,0,4.0,11.5
222409,15,1,2,0,4,4,4,1,1,0,8,1,0,0,0.0,1,2.0,3.0,0,3,0,1,1,0,1,1,1,1,0,0,0.0,7.5
418717,17,1,1,0,3,2,2,1,1,0,9,0,1,1,0.0,1,4.0,1.0,1,0,0,1,0,1,0,0,1,1,0,1,4.0,9.0
997421,15,4,1,0,4,5,5,2,5,0,11,1,0,1,1.0,0,2.0,1.0,3,2,0,1,0,0,0,0,1,1,1,0,4.0,11.5
566872,18,1,2,0,5,4,5,1,3,4,14,1,0,1,0.0,1,4.0,2.0,1,2,3,0,0,1,0,1,1,1,1,1,4.0,11.0
471369,17,1,2,0,5,2,3,1,1,4,13,1,0,1,0.0,1,4.0,3.0,2,2,0,1,0,1,1,1,1,1,1,1,1.0,11.0
351492,17,1,1,0,3,5,5,1,3,4,9,0,1,0,0.0,1,1.0,2.0,2,2,0,1,0,0,0,1,1,1,1,0,0.0,7.5
736584,17,1,2,0,5,2,2,1,2,14,17,0,0,1,0.0,0,4.0,3.0,3,3,0,1,0,1,0,0,1,1,1,1,4.0,14.5
241564,15,2,1,0,1,3,4,1,1,0,9,0,1,0,1.0,1,2.0,1.0,0,2,2,1,0,0,0,0,1,0,0,0,0.0,7.0
994498,16,2,1,0,2,3,3,2,2,4,11,1,0,1,1.0,1,2.0,2.0,3,3,3,0,0,1,0,1,1,1,1,0,1.0,11.5
829650,18,2,4,0,4,4,4,1,1,6,14,0,0,0,0.0,1,2.0,2.0,0,2,0,1,0,0,0,1,1,1,0,0,3.0,13.5
538452,16,2,1,0,4,3,3,1,3,11,11,0,1,1,0.0,1,1.0,3.0,0,2,1,0,0,1,0,0,1,0,1,1,4.0,10.5
637833,16,1,2,0,3,3,4,1,1,0,13,0,0,1,0.0,0,2.0,2.0,2,2,3,1,1,1,0,0,1,1,1,0,3.0,13.0
940477,18,1,2,0,4,3,3,1,3,6,17,1,0,1,1.0,1,3.0,4.0,3,2,2,1,0,0,0,1,1,1,1,1,4.0,16.0
194476,16,2,2,0,5,2,1,1,1,0,0,1,1,0,0.0,1,2.0,1.0,2,3,3,1,0,0,0,1,1,1,1,0,1.0,7.5
124300,15,2,2,0,4,3,5,1,1,16,10,0,0,1,0.0,1,3.0,2.0,3,2,2,1,1,1,0,0,1,1,1,0,1.0,10.5
764076,15,3,1,0,4,3,3,1,2,1,13,1,1,1,0.0,1,2.0,2.0,1,2,3,1,0,0,0,0,1,1,0,0,3.0,12.5
996942,16,1,2,0,4,3,3,2,4,4,11,0,0,1,0.0,1,3.0,3.0,2,3,2,1,1,1,0,1,1,1,1,0,4.0,11.0
351451,20,2,2,1,3,3,4,2,4,8,10,0,1,1,0.0,1,3.0,3.0,0,3,1,1,0,0,0,1,1,1,1,1,2.0,10.0
104000,18,2,1,0,5,2,3,1,2,0,10,0,1,1,0.0,1,2.0,3.0,0,3,0,0,0,1,0,0,1,1,1,1,3.0,10.0
364712,15,1,1,0,3,4,3,1,2,2,14,1,0,1,0.0,1,3.0,4.0,2,2,3,0,0,0,0,0,1,1,1,0,3.0,13.5
335362,16,2,1,0,3,4,4,3,4,6,11,1,1,0,0.0,1,1.0,1.0,0,2,1,0,0,0,0,1,1,1,0,0,4.0,11.0
990123,18,2,3,0,5,4,4,1,1,0,17,0,1,0,1.0,1,4.0,4.0,2,2,3,1,0,0,0,0,1,1,1,0,0.0,16.0
651951,19,2,2,3,3,5,4,1,4,0,0,0,1,0,0.0,0,1.0,1.0,0,0,0,2,0,1,0,1,1,0,0,1,0.0,4.0
515192,16,1,1,0,4,3,2,3,4,0,10,1,0,0,0.0,1,3.0,3.0,3,3,3,1,0,1,0,1,1,1,1,0,4.0,10.5
283062,15,3,4,0,5,4,5,2,3,8,14,1,1,1,1.0,0,2.0,2.0,2,2,3,1,0,1,0,1,1,1,0,0,4.0,13.5
983184,20,2,1,1,5,3,1,1,1,5,10,0,0,1,0.0,1,1.0,0.0,2,2,3,1,1,0,0,0,1,1,1,1,4.0,9.0
730271,21,1,3,2,3,3,2,1,1,0,12,0,0,1,1.0,1,4.0,4.0,2,2,3,2,0,0,1,1,1,1,1,0,4.0,10.5
727769,16,2,1,0,5,1,3,1,2,1,11,0,1,1,1.0,1,4.0,4.0,3,3,1,0,0,1,0,0,1,1,0,0,4.0,11.0
154886,15,1,2,0,4,2,2,1,1,0,17,1,0,1,1.0,0,3.0,2.0,3,2,2,1,0,1,0,0,1,1,1,0,0.0,15.5
297392,16,1,3,1,1,3,2,1,2,0,8,0,1,1,0.0,1,1.0,2.0,2,3,0,1,0,1,0,0,1,1,0,0,3.0,9.0
970910,15,1,3,0,5,4,3,1,1,0,14,1,0,1,1.0,1,4.0,3.0,4,3,2,1,0,1,0,1,1,1,1,0,3.0,14.0
384806,15,1,3,0,4,3,3,1,1,4,15,0,0,1,0.0,1,4.0,4.0,3,0,0,1,0,1,0,1,1,1,1,1,4.0,13.5
494070,18,2,2,1,4,3,3,1,1,18,10,0,0,1,1.0,0,2.0,4.0,3,2,0,1,0,1,0,0,1,1,1,0,2.0,10.0
843974,17,1,3,0,3,2,3,1,1,2,13,0,0,1,0.0,1,3.0,3.0,2,2,2,1,0,0,0,1,0,1,0,0,3.0,13.5
173523,16,2,1,0,5,4,5,1,4,0,15,0,1,0,1.0,1,1.0,2.0,2,2,3,1,0,0,0,1,1,1,1,0,1.0,14.0
897079,16,3,2,0,5,3,4,1,1,1,14,0,1,0,0.0,1,2.0,2.0,2,3,0,0,0,1,0,1,1,1,1,0,1.0,13.5
138467,18,1,1,0,4,2,5,3,4,2,11,1,0,1,1.0,1,4.0,4.0,2,2,3,0,0,1,0,0,1,1,1,0,4.0,8.5
370936,16,1,2,0,4,2,3,1,1,2,16,0,0,1,0.0,1,4.0,2.0,3,2,0,1,0,1,1,0,1,1,1,0,4.0,15.5
532315,16,1,3,0,4,1,2,1,1,4,11,0,0,0,0.0,1,3.0,3.0,3,2,3,0,1,1,0,1,1,1,1,0,1.0,11.0
231373,18,1,2,0,3,1,2,1,2,4,13,0,0,1,0.0,1,3.0,2.0,3,2,2,1,0,1,0,1,0,1,1,1,0.0,11.5
354079,16,2,4,0,1,2,1,1,1,4,11,0,1,1,1.0,0,2.0,2.0,0,2,3,1,0,0,0,1,0,0,0,1,0.0,9.5
559451,15,1,1,1,4,1,3,1,1,6,10,0,1,0,0.0,1,1.0,1.0,0,3,1,1,0,1,0,0,1,1,0,1,1.0,10.0
937291,17,4,1,1,5,5,4,1,1,14,8,0,0,0,1.0,0,1.0,4.0,2,2,0,2,0,1,0,0,1,1,1,0,4.0,9.0
478496,17,2,2,0,5,1,3,1,1,0,11,0,1,0,0.0,1,2.0,2.0,2,2,1,1,1,0,1,0,1,1,0,0,4.0,10.0
758271,17,2,1,0,5,2,2,1,1,0,10,1,0,0,0.0,1,2.0,2.0,2,3,1,1,0,0,0,0,0,0,0,0,3.0,9.5
373109,15,1,2,0,1,3,2,2,3,24,9,0,0,1,0.0,0,3.0,3.0,3,3,2,1,0,0,0,0,0,1,0,1,0.0,8.5
580671,17,1,2,0,4,3,2,1,1,4,14,0,0,1,1.0,0,4.0,2.0,4,2,0,1,0,1,0,1,1,1,0,0,3.0,14.5
821747,17,1,2,0,2,3,4,1,1,4,15,0,1,1,1.0,1,4.0,4.0,0,0,0,1,0,1,0,1,1,1,1,1,0.0,14.5
743409,17,1,3,0,4,3,4,2,5,2,17,0,0,0,0.0,1,3.0,4.0,0,3,0,0,0,1,0,1,0,1,1,0,4.0,15.0
547556,16,2,2,2,2,5,5,1,1,8,7,0,1,1,0.0,0,3.0,2.0,3,0,0,1,0,1,0,1,1,1,0,1,0.0,5.0
249503,15,1,3,0,4,3,2,1,1,2,12,0,0,0,0.0,1,3.0,4.0,3,1,0,1,1,1,0,1,1,1,1,0,4.0,11.5
401648,19,1,2,2,3,4,2,1,1,0,11,0,0,1,0.0,1,0.0,1.0,0,2,0,2,0,1,0,0,0,0,0,0,4.0,9.5
787995,17,1,2,0,4,4,4,1,2,10,18,1,0,1,1.0,0,3.0,2.0,2,2,3,1,0,1,0,0,1,1,1,0,4.0,17.0
757162,17,1,2,0,5,4,4,3,4,0,14,1,0,1,0.0,1,3.0,1.0,3,2,1,1,0,0,0,1,1,1,1,1,4.0,11.0
981691,16,1,2,0,1,2,2,1,2,8,16,0,0,1,0.0,1,3.0,2.0,2,2,3,1,0,1,0,0,1,1,1,0,0.0,14.5
803714,20,1,1,2,5,5,3,1,1,0,15,1,0,1,0.0,0,3.0,2.0,3,2,0,2,0,0,0,1,1,1,0,0,4.0,14.5
748307,15,2,1,0,5,4,4,2,3,4,11,0,1,0,0.0,1,3.0,3.0,0,2,0,1,0,1,0,0,1,1,1,0,4.0,10.0
701661,16,1,2,2,4,4,4,1,3,0,10,1,0,1,1.0,1,1.0,1.0,3,2,0,1,0,0,0,0,1,1,0,1,4.0,10.0
371967,18,3,2,1,4,4,2,1,2,2,10,0,1,1,0.0,1,1.0,1.0,0,3,0,1,0,0,0,0,1,0,0,0,1.0,9.5
453824,17,3,1,1,5,2,1,1,2,0,9,0,1,0,0.0,1,1.0,1.0,2,3,3,1,0,1,0,0,1,1,1,1,0.0,8.0
511927,19,1,1,0,5,3,4,1,4,10,11,1,0,1,0.0,1,2.0,1.0,2,2,3,1,0,0,0,0,1,1,1,0,3.0,9.0
965264,20,2,1,1,4,4,3,2,4,12,10,1,1,0,0.0,1,1.0,1.0,2,2,0,2,0,1,0,0,1,0,1,1,3.0,9.5
747972,15,2,1,0,4,3,2,1,1,6,14,0,0,1,0.0,1,4.0,4.0,4,4,0,1,0,0,0,1,1,1,1,0,4.0,13.5
457429,16,1,4,0,2,2,1,1,1,0,14,0,1,1,0.0,1,1.0,1.0,2,2,0,2,1,1,0,1,1,1,1,0,4.0,14.0
601157,17,2,3,0,4,3,3,1,1,0,16,0,0,1,0.0,1,4.0,2.0,2,2,3,1,0,1,0,0,1,1,1,0,2.0,16.0
786976,17,2,1,0,4,5,4,2,4,22,10,1,0,1,1.0,0,4.0,1.0,3,2,2,1,0,0,0,1,1,1,1,1,4.0,11.0
319963,16,1,2,0,4,3,1,1,1,0,13,1,1,1,0.0,1,4.0,4.0,2,4,0,0,0,1,0,1,1,1,0,1,2.0,12.5
748663,16,1,1,0,3,4,4,1,4,4,13,1,0,1,0.0,1,4.0,4.0,1,2,0,1,0,1,0,1,1,1,1,0,4.0,12.5
763165,17,1,2,0,5,2,5,1,1,0,16,0,1,1,0.0,1,4.0,4.0,1,1,0,0,0,1,0,0,1,1,1,0,4.0,14.0
664685,16,2,1,0,3,3,3,1,1,6,11,1,0,0,0.0,1,4.0,3.0,3,2,3,1,1,1,1,1,0,1,1,0,3.0,10.0
938688,18,1,3,0,4,3,3,5,1,10,11,0,0,1,0.0,0,3.0,2.0,2,3,0,2,0,1,0,1,0,1,1,1,4.0,11.5
414877,18,1,2,0,5,3,3,1,1,4,8,0,0,0,0.0,1,3.0,1.0,2,2,3,1,0,0,0,1,1,1,1,1,3.0,8.0
392890,17,1,2,0,4,3,3,2,3,0,16,0,0,0,0.0,0,3.0,2.0,2,2,2,1,0,1,0,0,1,1,1,0,1.0,14.0
276089,16,3,2,0,4,4,5,1,1,4,11,0,1,0,0.0,1,2.0,2.0,2,2,0,1,0,1,0,0,1,1,1,0,3.0,9.5
882038,16,1,2,0,4,3,5,1,1,0,12,0,0,1,0.0,1,2.0,1.0,2,2,0,1,0,1,0,0,1,1,0,1,4.0,12.5
580047,18,1,1,0,4,3,5,2,4,2,10,0,0,1,0.0,1,2.0,2.0,2,2,0,1,0,1,0,1,1,1,1,1,4.0,10.0
757409,18,2,1,0,3,4,4,2,4,10,11,1,0,1,0.0,1,1.0,2.0,0,2,2,2,0,0,0,0,0,0,1,0,3.0,10.0
658986,22,1,1,3,5,4,5,5,5,12,5,1,0,1,0.0,1,3.0,1.0,3,3,1,1,0,0,0,0,0,0,1,1,0.0,7.5
659042,18,1,3,0,4,4,3,2,3,4,14,0,0,1,1.0,1,1.0,1.0,2,0,2,1,0,1,0,0,0,1,0,0,2.0,11.5
452228,18,1,2,1,5,3,1,1,1,16,10,0,0,1,1.0,1,2.0,2.0,0,3,0,1,0,1,0,0,0,1,1,1,4.0,8.5
850020,18,1,3,0,5,3,2,1,2,4,17,1,0,0,0.0,1,4.0,3.0,4,3,0,1,0,0,0,0,1,1,1,1,3.0,14.5
233767,16,2,2,0,4,2,2,1,2,2,13,0,0,1,1.0,1,2.0,4.0,2,1,0,0,0,1,0,1,1,1,1,1,4.0,13.0
298286,16,1,2,0,4,4,2,1,1,0,17,0,0,1,0.0,1,4.0,4.0,1,1,3,1,0,1,0,0,1,1,1,1,2.0,16.0
252906,17,1,2,0,3,3,3,1,3,10,14,0,0,1,0.0,0,3.0,3.0,1,2,3,1,0,1,0,0,0,1,1,1,2.0,12.5
613758,17,2,1,0,5,5,5,1,3,2,12,0,1,0,0.0,1,2.0,3.0,2,2,0,1,0,1,0,0,1,1,1,0,2.0,10.5
473616,18,2,1,0,4,2,3,1,2,0,10,1,0,1,1.0,1,4.0,3.0,4,3,0,1,0,0,0,1,1,1,1,0,0.0,10.0
881239,17,1,2,0,4,5,5,1,3,0,13,1,0,1,0.0,1,4.0,4.0,4,4,3,1,1,1,0,1,1,1,1,1,1.0,13.0
278274,19,1,1,1,3,2,5,4,4,5,11,0,0,1,0.0,1,4.0,4.0,4,2,2,2,0,1,0,0,1,1,1,1,4.0,9.5
489957,16,1,1,0,4,2,5,1,5,8,13,1,1,1,1.0,1,4.0,3.0,2,2,0,0,0,0,0,1,1,1,1,0,4.0,13.0
766326,18,2,3,2,3,3,2,1,1,6,10,0,1,0,1.0,0,3.0,2.0,2,2,0,2,0,1,0,0,0,0,0,1,1.0,8.0
844840,16,1,3,0,4,3,3,2,2,2,11,0,1,0,1.0,1,2.0,2.0,2,2,0,1,0,1,0,0,0,1,0,1,4.0,11.0
244356,18,1,1,1,2,3,1,2,2,0,0,1,1,0,0.0,1,3.0,2.0,3,2,0,1,0,0,0,0,1,0,1,0,4.0,2.0
109435,19,2,1,3,4,4,3,1,3,4,9,1,1,1,0.0,1,2.0,1.0,0,2,0,2,0,0,0,1,0,0,1,1,4.0,8.5
365517,18,2,1,1,5,4,3,4,3,0,0,1,1,0,0.0,1,4.0,2.0,2,2,2,0,0,0,1,0,1,1,0,0,2.0,7.0
236330,15,1,1,0,5,5,5,3,2,2,9,1,0,1,0.0,1,3.0,4.0,3,3,2,0,1,0,0,0,1,1,1,0,4.0,9.0
271836,17,1,3,0,4,4,3,1,3,0,13,0,0,1,0.0,1,4.0,3.0,1,2,3,1,0,1,0,1,1,1,1,1,3.0,11.5
821772,17,2,2,0,4,4,5,1,1,1,10,0,1,1,0.0,0,1.0,0.0,2,2,1,1,0,0,0,0,1,1,1,1,3.0,10.0
805660,16,1,1,0,4,5,4,1,1,0,13,0,1,1,0.0,1,3.0,3.0,2,2,3,1,0,0,0,1,1,0,1,1,3.0,13.5
850216,17,2,3,0,4,4,2,1,1,0,12,0,0,0,0.0,1,4.0,3.0,4,2,3,1,0,1,0,1,1,1,1,1,3.0,11.5
898615,18,2,2,0,4,4,5,1,2,0,14,0,0,1,1.0,1,4.0,3.0,2,2,2,2,0,1,0,0,1,1,1,1,1.0,13.5
665894,15,1,1,0,3,3,4,2,3,0,12,0,0,1,0.0,1,4.0,4.0,3,3,0,1,1,1,0,0,1,1,1,0,4.0,12.5
599046,17,1,3,1,4,4,3,3,4,14,8,0,0,1,0.0,1,3.0,4.0,0,3,2,1,0,1,1,0,1,1,1,1,4.0,8.5
113986,16,2,3,0,3,2,3,2,2,4,13,1,0,1,0.0,1,2.0,3.0,2,2,0,1,0,1,0,0,0,1,1,1,0.0,12.5
555968,18,1,2,1,2,3,3,1,2,3,8,0,1,0,1.0,1,2.0,2.0,3,3,0,1,0,1,0,1,1,1,1,0,3.0,6.5
311810,18,2,2,0,2,3,5,1,4,8,10,0,1,1,1.0,1,1.0,1.0,2,0,3,1,1,0,0,0,1,1,0,0,2.0,8.5
264899,17,1,2,0,4,4,4,1,3,0,10,1,0,1,1.0,1,4.0,4.0,4,2,3,1,0,1,0,1,1,1,1,0,4.0,10.0
595972,18,3,2,2,3,4,4,2,2,3,7,0,1,1,0.0,1,1.0,1.0,2,2,0,1,0,0,0,1,1,1,0,1,4.0,7.5
465890,15,2,1,0,4,1,3,1,1,0,16,0,1,0,0.0,1,3.0,3.0,2,3,0,0,0,0,0,0,0,1,1,0,3.0,15.0
291962,18,2,2,0,4,3,2,1,3,6,13,0,1,1,0.0,1,3.0,3.0,3,3,1,1,0,1,0,0,1,1,1,1,2.0,12.5
679879,16,1,1,0,4,5,5,5,5,12,8,1,0,1,0.0,1,4.0,4.0,3,3,1,1,1,1,0,1,1,1,1,0,3.0,9.0
712210,15,2,1,0,5,2,1,1,3,0,9,0,1,0,1.0,1,1.0,1.0,0,2,0,1,0,1,0,0,1,0,0,1,3.0,9.5
216381,17,1,3,0,4,4,3,1,1,0,15,0,0,0,0.0,1,2.0,4.0,0,2,0,0,0,1,0,0,1,1,1,1,4.0,15.0
455754,17,1,3,0,3,4,3,1,1,8,12,0,1,1,0.0,1,2.0,2.0,2,0,2,1,0,0,0,1,1,1,0,1,2.0,10.5
851102,18,1,2,0,3,2,3,1,1,4,13,0,0,0,0.0,1,2.0,2.0,2,2,2,1,1,0,0,0,1,1,0,0,4.0,11.0
819094,17,2,2,0,2,5,5,1,4,8,15,1,0,1,1.0,1,4.0,3.0,1,2,0,1,0,0,0,1,1,1,1,1,4.0,15.0
431236,15,1,2,0,4,3,3,1,1,0,16,0,0,1,1.0,1,4.0,2.0,1,2,1,1,0,1,0,0,1,1,1,0,4.0,15.0
136631,17,1,2,0,4,4,3,2,4,4,9,1,1,1,0.0,1,1.0,1.0,2,2,2,1,0,0,1,0,0,1,1,0,4.0,8.5
155609,17,2,4,1,5,4,5,3,4,0,10,1,1,1,0.0,1,3.0,3.0,3,0,0,1,0,1,1,1,1,1,0,0,4.0,10.5
616588,16,1,2,1,3,1,2,1,1,12,10,0,0,1,0.0,1,2.0,2.0,0,2,2,1,1,0,0,1,1,1,1,0,4.0,9.0
511357,17,2,1,3,4,5,2,1,1,10,8,1,0,1,0.0,1,3.0,2.0,3,3,0,1,0,1,0,1,0,0,0,0,1.0,7.5
151991,18,2,3,0,4,2,1,1,1,5,15,0,1,0,0.0,1,2.0,2.0,3,2,2,1,0,0,0,0,1,1,1,1,3.0,14.0
737717,18,3,1,1,4,3,2,1,1,0,13,1,1,0,0.0,1,1.0,0.0,0,0,0,2,1,1,0,0,1,1,0,0,3.0,12.0
474710,17,1,1,0,4,1,4,5,5,8,9,1,1,1,0.0,1,3.0,3.0,3,3,2,1,0,1,0,1,1,1,1,0,2.0,8.5
322866,18,1,4,0,5,5,5,5,5,2,6,1,1,1,1.0,1,4.0,4.0,0,1,2,1,0,1,0,1,1,0,1,1,4.0,5.5
158871,17,1,3,0,3,3,2,2,2,0,10,0,0,0,1.0,1,2.0,2.0,3,3,0,1,0,1,0,1,1,1,1,0,2.0,11.0
710269,17,1,2,0,3,5,2,2,2,2,18,1,0,0,0.0,1,1.0,2.0,0,0,2,1,0,1,0,1,0,1,0,1,0.0,16.5
250262,15,3,2,0,4,2,1,1,2,0,14,0,1,0,0.0,1,1.0,1.0,0,0,0,0,0,1,0,0,1,1,0,0,1.0,13.5
124538,16,1,3,0,5,3,3,1,3,0,13,1,0,1,0.0,1,4.0,4.0,3,3,0,1,0,1,0,1,1,1,1,0,4.0,14.0
869598,16,3,1,0,4,2,2,1,2,4,11,1,0,0,0.0,1,2.0,2.0,0,2,0,1,0,0,0,0,0,1,0,0,2.0,11.0
547600,17,1,3,0,4,3,3,1,1,0,13,0,0,1,0.0,1,2.0,2.0,0,0,0,1,0,1,0,1,1,1,1,0,3.0,12.0
399648,18,2,2,0,4,2,5,3,4,6,16,1,0,0,1.0,0,3.0,4.0,2,2,3,1,0,1,0,1,1,1,1,0,0.0,15.5
289407,18,1,2,1,4,3,2,1,1,9,7,0,1,0,0.0,1,1.0,1.0,0,2,1,1,0,1,0,0,1,1,1,1,4.0,7.0
745914,16,1,1,1,4,4,4,3,5,6,10,1,0,1,1.0,1,2.0,1.0,0,2,0,1,0,0,0,1,1,1,0,1,4.0,9.5
408987,17,2,2,0,4,4,4,2,3,6,12,0,0,1,1.0,1,2.0,2.0,3,2,0,1,1,1,0,0,1,1,1,1,4.0,12.0
950937,16,4,1,0,3,2,1,1,1,4,11,1,0,1,0.0,1,2.0,1.0,0,2,0,1,0,0,0,0,1,1,0,0,1.0,9.0
224123,17,1,2,0,4,3,4,1,3,0,17,0,0,1,0.0,1,2.0,2.0,3,3,3,1,0,1,0,1,1,1,1,0,3.0,15.0
178781,18,2,1,0,2,5,5,5,5,8,11,1,1,0,0.0,1,3.0,2.0,2,2,0,1,0,1,0,0,0,1,1,0,4.0,9.5
626981,17,1,2,0,5,3,3,2,3,32,14,0,0,1,1.0,1,3.0,3.0,2,2,3,1,0,1,0,1,1,1,1,1,0.0,13.5
907789,18,2,1,0,3,2,4,1,4,8,15,0,0,1,1.0,1,4.0,3.0,1,3,0,1,0,1,0,0,1,1,1,0,0.0,12.0
357426,17,1,2,0,5,4,2,1,1,4,15,0,0,1,0.0,1,3.0,2.0,2,2,0,0,0,0,0,1,1,1,0,0,2.0,14.0
218451,17,2,1,0,3,3,3,1,4,4,13,0,0,1,0.0,1,2.0,3.0,0,2,2,0,0,1,0,0,1,1,0,0,2.0,12.5
977284,16,2,2,0,4,2,2,1,4,2,8,1,1,1,0.0,1,2.0,1.0,1,3,1,1,0,0,0,0,0,1,1,1,4.0,8.0
937646,16,1,2,0,5,4,4,1,2,6,14,1,0,1,0.0,1,4.0,4.0,4,4,0,0,0,1,0,1,1,1,1,0,4.0,15.0
220151,15,1,2,0,3,2,3,1,2,0,14,0,0,1,0.0,1,1.0,2.0,0,3,0,1,0,0,0,0,0,1,1,0,0.0,14.0
373237,15,4,2,0,5,4,5,2,4,8,9,1,1,0,0.0,1,1.0,1.0,2,2,0,1,0,1,0,1,1,1,0,1,3.0,8.0
122671,18,2,1,0,4,4,5,2,4,8,7,1,0,1,0.0,1,3.0,2.0,3,2,0,1,0,0,0,0,1,0,1,0,4.0,7.5
710704,18,2,3,0,4,5,5,1,2,0,14,0,0,1,0.0,1,1.0,1.0,2,2,2,1,0,0,0,1,1,1,1,0,1.0,14.0
381974,19,1,1,0,5,3,4,2,2,0,10,1,0,0,0.0,1,3.0,2.0,0,3,2,2,0,1,0,0,0,1,0,1,4.0,10.5
890180,19,1,4,0,4,3,3,1,2,4,12,0,0,1,0.0,1,3.0,3.0,2,2,3,2,0,1,0,1,1,1,1,0,2.0,12.0
718992,17,2,2,0,1,2,3,1,2,0,15,0,1,1,1.0,0,3.0,2.0,3,2,3,1,0,0,0,0,1,1,0,1,4.0,14.5
834994,16,4,3,0,5,1,3,2,2,0,10,1,1,1,1.0,1,2.0,2.0,3,3,1,1,0,0,0,0,1,1,0,0,2.0,9.5
320984,16,3,1,0,4,3,2,1,1,0,16,0,1,0,1.0,1,2.0,2.0,2,2,2,0,0,1,0,1,1,1,0,1,3.0,14.0
891971,17,2,3,0,5,3,4,1,1,0,8,0,0,0,0.0,1,4.0,4.0,3,3,3,1,0,1,0,1,1,1,1,0,4.0,7.0
213632,17,2,1,0,4,4,5,1,2,0,11,0,1,0,0.0,1,1.0,1.0,0,2,3,1,0,1,0,1,0,1,1,1,4.0,11.0
208940,17,2,2,0,4,4,3,1,1,4,16,1,1,1,0.0,1,2.0,3.0,2,3,2,0,0,0,0,1,1,1,1,0,2.0,14.5
750419,18,2,1,0,4,1,4,5,5,8,11,1,1,1,1.0,1,1.0,2.0,0,3,2,1,0,1,0,0,0,1,0,0,0.0,10.5
120056,17,1,2,0,4,5,5,1,2,2,11,0,1,1,0.0,0,1.0,1.0,0,0,1,1,0,0,0,1,1,1,1,1,2.0,10.5
415139,15,2,2,0,4,4,4,2,3,4,12,0,0,1,0.0,1,4.0,4.0,3,3,3,0,0,0,0,0,1,1,1,1,4.0,11.5
582690,18,4,2,0,4,3,2,4,5,2,11,1,0,1,1.0,1,2.0,1.0,0,2,0,1,1,1,0,1,1,1,1,1,2.0,9.5
284064,15,1,2,0,4,3,2,1,1,6,13,0,0,1,0.0,1,1.0,2.0,0,2,0,1,0,1,0,0,0,1,1,0,4.0,12.5
186672,16,3,2,0,4,2,1,1,1,2,8,0,1,0,1.0,1,3.0,4.0,0,2,1,1,0,1,0,0,0,1,0,0,1.0,8.0
256730,15,2,1,0,3,5,1,1,1,4,11,0,0,1,0.0,1,2.0,3.0,2,2,1,0,0,1,0,1,1,1,0,0,4.0,11.0
353618,18,3,1,3,5,2,5,1,5,6,11,0,0,0,0.0,1,1.0,1.0,0,2,0,1,0,1,0,1,0,1,0,0,3.0,10.5
287628,16,2,2,0,4,1,2,2,2,0,13,1,1,1,1.0,0,2.0,2.0,2,3,0,0,0,1,0,0,0,1,1,1,4.0,12.5
953049,16,2,3,0,5,3,5,1,4,1,12,0,1,1,0.0,1,4.0,4.0,4,3,0,1,0,1,0,0,1,1,1,1,4.0,10.5
497827,18,2,2,0,4,1,1,1,1,0,12,0,1,1,0.0,1,1.0,2.0,0,0,0,0,0,1,0,0,1,0,0,0,3.0,11.0
587879,15,2,4,0,3,1,2,1,1,4,13,0,0,0,0.0,1,1.0,1.0,0,2,2,1,1,1,1,1,1,1,1,0,0.0,13.0
165318,17,1,2,0,5,3,4,1,3,2,17,0,0,1,0.0,1,3.0,2.0,2,2,0,1,0,0,0,1,0,1,1,0,2.0,17.5
679036,15,2,2,0,4,3,3,1,1,1,11,0,1,0,0.0,1,1.0,1.0,0,2,2,0,0,1,0,1,1,1,1,0,1.0,10.5
533374,18,3,1,0,2,5,5,1,1,5,14,1,1,0,0.0,1,4.0,4.0,0,3,1,1,0,1,1,1,1,1,1,1,0.0,12.5
508923,17,2,2,0,4,4,4,4,5,16,12,1,0,1,0.0,1,1.0,2.0,0,3,1,2,0,0,0,1,0,1,1,0,4.0,10.5
499111,17,1,2,0,4,3,2,2,3,0,15,0,0,1,0.0,1,3.0,2.0,2,2,2,1,0,1,0,0,1,1,1,1,1.0,12.5
460032,17,1,2,0,3,3,3,1,2,18,14,0,0,1,0.0,0,2.0,2.0,0,0,2,0,0,1,0,0,1,1,1,1,3.0,11.0
850201,17,3,1,3,3,3,3,1,3,2,8,1,1,0,0.0,1,4.0,4.0,1,2,0,0,0,0,0,1,1,1,1,1,4.0,9.0
679304,17,1,1,0,5,3,2,1,2,21,13,0,0,0,0.0,1,2.0,2.0,2,2,3,1,0,1,0,0,1,1,1,0,2.0,13.0
359178,16,1,2,0,4,3,2,1,2,0,13,0,0,1,0.0,1,3.0,3.0,2,2,2,0,0,1,0,0,1,1,0,0,4.0,12.0
675581,18,1,1,0,5,4,4,3,4,8,10,0,1,0,0.0,0,4.0,3.0,3,3,0,1,0,1,0,0,1,1,1,0,1.0,10.5
453531,16,1,1,0,5,3,4,1,2,4,13,0,0,1,0.0,1,4.0,4.0,2,2,3,1,0,0,0,1,0,1,1,0,0.0,12.5
996048,17,1,1,1,4,1,2,1,1,6,13,0,0,1,0.0,1,3.0,1.0,2,0,2,1,0,1,1,0,1,1,1,1,2.0,11.5
284078,17,3,4,1,1,3,5,3,5,2,9,1,1,0,1.0,1,2.0,2.0,3,3,1,1,0,1,0,0,1,1,0,0,2.0,9.0
419030,16,1,4,0,4,2,2,1,1,2,17,1,0,1,0.0,1,4.0,3.0,1,3,3,1,0,0,0,1,1,1,1,0,1.0,17.0
358795,15,1,2,0,4,5,2,1,1,0,15,1,0,0,0.0,1,4.0,3.0,4,0,0,1,0,1,0,1,1,1,1,1,4.0,13.5
300235,16,1,1,0,3,3,3,1,2,0,11,1,0,1,0.0,1,1.0,2.0,3,3,1,1,0,1,0,1,1,1,1,1,2.0,9.5
234633,17,1,1,0,3,4,4,1,3,2,12,0,0,1,1.0,1,2.0,2.0,2,2,0,0,0,1,0,0,1,1,1,1,4.0,12.5
335796,15,1,1,0,2,2,4,2,4,0,11,1,0,1,0.0,1,4.0,2.0,1,3,1,1,0,0,0,0,1,1,1,0,0.0,11.0
466326,18,1,2,0,5,3,4,1,1,0,10,0,1,1,0.0,1,3.0,3.0,3,3,0,0,0,1,0,0,1,1,0,1,4.0,10.0
161087,17,1,2,0,3,4,5,2,4,16,10,0,0,1,0.0,1,4.0,3.0,2,2,3,1,0,0,0,0,1,1,1,1,0.0,10.0
330229,18,2,1,1,4,4,3,3,4,0,10,1,1,0,0.0,1,1.0,1.0,2,2,2,1,0,0,0,1,1,0,1,0,3.0,8.5
930496,17,1,1,0,4,3,5,3,5,0,17,1,0,1,0.0,1,3.0,3.0,2,3,3,1,0,0,0,1,0,1,1,0,4.0,17.5
978338,18,1,2,0,4,3,4,1,3,2,13,0,0,1,1.0,0,2.0,1.0,2,2,0,1,0,1,0,0,0,1,1,1,4.0,12.0
920260,18,1,1,0,3,1,3,4,5,13,14,1,0,0,0.0,1,2.0,3.0,2,3,3,0,0,0,0,0,1,1,1,0,3.0,13.5
962645,17,1,3,0,4,4,5,1,3,8,14,0,0,1,0.0,1,3.0,4.0,3,2,0,1,0,0,0,0,1,1,1,0,4.0,12.0
327897,16,1,2,0,5,3,3,1,1,0,14,0,1,1,0.0,1,2.0,1.0,2,3,0,1,0,1,0,1,1,1,1,0,0.0,13.5
807611,15,4,2,0,5,3,3,1,1,2,11,1,0,0,0.0,1,3.0,4.0,0,4,0,1,0,1,0,0,1,1,0,1,4.0,11.5
305041,16,1,2,0,4,4,3,1,1,0,10,0,0,1,1.0,1,1.0,2.0,2,3,3,0,1,0,0,1,1,1,1,0,0.0,13.0
348710,16,2,2,1,4,4,4,2,3,2,12,0,1,0,0.0,1,2.0,2.0,0,2,0,1,0,1,0,1,0,1,0,0,4.0,11.5
788519,16,1,1,0,3,5,3,2,5,8,15,1,0,0,0.0,1,4.0,4.0,4,4,0,1,0,0,0,1,1,1,1,0,3.0,14.0
599522,18,4,3,0,4,3,2,1,2,4,12,0,1,0,0.0,1,1.0,1.0,2,2,2,1,0,0,0,0,1,1,1,0,3.0,10.5
333841,16,3,2,0,4,3,2,1,3,6,8,0,1,1,1.0,1,1.0,1.0,0,2,1,1,0,1,0,0,1,1,1,0,4.0,7.0
831912,15,1,2,0,4,4,4,2,4,0,12,0,0,1,1.0,1,4.0,3.0,3,3,3,0,1,0,0,1,1,1,1,1,1.0,12.5
291335,15,1,3,0,4,5,2,1,1,0,15,1,0,1,0.0,0,2.0,2.0,2,2,2,2,0,1,0,0,1,1,1,1,2.0,14.0
239182,15,1,2,0,4,4,2,1,2,0,12,0,0,1,0.0,1,1.0,1.0,2,3,0,0,0,1,0,0,1,1,1,0,4.0,12.0
627035,16,2,2,0,3,3,3,1,2,16,10,0,0,1,1.0,1,2.0,2.0,2,2,2,1,0,1,0,1,0,1,1,1,2.0,11.0
152921,16,1,2,0,3,3,2,1,1,2,10,0,1,0,0.0,0,2.0,2.0,1,2,0,1,0,0,0,0,0,1,0,1,2.0,9.0
356687,17,4,1,0,4,4,5,5,5,2,10,1,0,0,0.0,1,2.0,2.0,3,2,0,1,0,1,0,0,1,1,1,0,3.0,10.5
424767,16,1,2,0,4,3,5,1,1,0,13,0,0,1,0.0,1,1.0,3.0,0,3,2,1,0,0,0,1,0,1,1,1,2.0,13.5
227948,17,1,2,0,4,4,4,1,3,0,15,0,0,1,0.0,1,1.0,1.0,2,2,0,1,0,1,0,0,0,1,0,0,0.0,14.5
628178,15,2,1,0,5,5,5,3,4,4,9,1,0,1,1.0,0,4.0,2.0,1,1,1,0,0,0,0,0,1,1,0,0,4.0,9.5
690978,17,1,3,0,4,2,2,1,2,0,18,0,0,1,0.0,1,4.0,3.0,1,3,3,1,0,1,0,0,1,1,1,0,2.0,17.5
862002,19,1,2,0,4,3,1,1,1,4,14,1,0,1,1.0,0,4.0,3.0,3,0,3,1,0,1,0,0,1,1,1,0,0.0,12.0
737147,16,1,1,0,4,5,2,1,1,4,10,0,0,1,0.0,1,2.0,1.0,2,2,2,1,0,0,0,0,1,1,1,1,4.0,9.5
630089,16,2,1,0,4,2,2,4,3,0,14,0,1,0,0.0,1,1.0,1.0,0,2,1,1,0,0,0,1,1,1,1,1,1.0,12.5
730152,15,1,2,0,4,4,2,3,3,0,9,0,1,1,0.0,1,2.0,1.0,0,2,2,1,1,1,0,0,0,1,1,0,1.0,9.5
651638,18,2,2,0,1,1,1,1,1,6,9,0,1,1,0.0,1,1.0,1.0,2,2,0,1,0,0,0,1,1,1,0,0,4.0,11.5
283734,16,1,1,0,5,4,5,1,1,7,15,1,0,1,1.0,1,4.0,3.0,4,2,0,1,0,0,0,1,0,1,1,0,2.0,14.0
125939,16,1,2,0,4,2,3,1,2,0,16,1,0,1,1.0,1,2.0,1.0,2,2,0,1,0,0,0,1,1,1,1,1,4.0,13.5
723094,16,1,1,0,3,3,2,2,1,16,8,1,0,1,0.0,1,4.0,4.0,4,4,0,1,0,1,0,0,1,0,1,1,4.0,9.0
546438,16,1,3,0,4,3,4,1,1,5,13,0,1,0,0.0,1,1.0,2.0,2,2,2,0,1,1,0,0,0,1,1,1,2.0,13.5
979611,18,1,3,0,5,4,5,2,3,0,14,1,0,1,0.0,1,4.0,3.0,4,2,0,1,0,1,0,0,1,1,1,1,4.0,13.5
364512,16,1,1,0,5,4,3,1,1,2,8,0,1,0,1.0,1,2.0,1.0,2,2,2,1,0,1,0,0,1,1,1,1,4.0,9.0
707086,15,1,4,0,4,3,3,1,1,10,10,0,0,1,0.0,0,3.0,3.0,2,1,3,0,1,0,0,0,1,1,0,0,3.0,10.0
167215,16,2,1,0,4,5,5,2,4,0,9,1,1,0,1.0,1,1.0,1.0,0,2,0,1,0,0,0,1,1,1,1,0,4.0,10.0
234508,18,1,2,0,4,3,3,1,1,0,12,0,0,1,1.0,1,2.0,2.0,2,2,2,2,0,0,0,1,0,1,1,1,1.0,9.5
771155,17,1,2,0,5,3,3,1,1,2,11,0,0,1,0.0,1,1.0,1.0,0,2,0,0,0,1,0,0,0,1,1,0,2.0,10.0
291232,19,2,1,1,5,5,5,2,3,0,0,0,1,1,0.0,1,1.0,1.0,0,3,1,0,0,0,0,0,1,0,0,0,1.0,2.5
814998,18,2,2,0,4,3,3,1,4,6,10,1,1,1,1.0,1,1.0,1.0,0,0,0,1,0,1,0,1,1,1,0,0,4.0,9.5
905889,15,1,1,0,3,2,2,1,3,0,12,1,0,1,0.0,1,2.0,3.0,2,3,0,0,1,1,0,1,0,1,1,1,2.0,11.0
175766,17,1,2,0,5,3,3,1,1,0,12,0,0,1,0.0,1,1.0,1.0,0,3,0,1,0,0,0,1,1,1,1,0,2.0,11.5
600186,16,1,1,0,5,4,3,1,1,4,12,1,0,1,0.0,1,3.0,2.0,2,2,2,1,0,1,0,0,0,1,1,0,4.0,12.0
804107,17,3,1,1,4,4,5,1,2,0,9,1,1,0,0.0,1,2.0,2.0,2,2,0,1,0,1,0,0,0,1,1,0,4.0,9.5
165726,16,2,2,0,4,5,2,1,2,0,17,0,1,0,0.0,1,2.0,3.0,0,3,0,1,0,0,0,0,1,1,0,0,4.0,16.5
258823,16,1,3,1,1,3,2,1,2,3,8,0,1,1,0.0,1,1.0,2.0,2,3,0,1,0,1,0,0,1,1,0,0,3.0,8.5
718467,17,1,2,0,5,3,3,1,1,0,13,0,0,1,1.0,0,3.0,3.0,3,2,2,1,1,1,0,0,1,1,1,0,4.0,12.0
661353,15,1,1,0,4,5,5,1,3,6,13,0,0,1,0.0,1,4.0,3.0,3,2,3,1,0,0,0,1,1,1,1,0,0.0,13.5
630583,18,2,3,0,5,4,2,1,1,0,15,1,0,0,1.0,1,3.0,2.0,3,2,3,1,0,1,0,1,1,1,1,0,3.0,14.5
612153,16,2,1,0,4,5,5,2,3,2,10,1,1,0,0.0,1,3.0,2.0,3,2,0,0,0,0,0,0,1,1,1,0,4.0,10.0
478480,18,1,2,0,4,2,4,1,1,0,15,0,0,1,1.0,0,4.0,4.0,1,2,2,1,0,1,1,0,1,1,1,1,3.0,14.5
865313,17,1,2,0,5,3,3,1,3,0,11,1,0,1,1.0,1,2.0,3.0,3,3,3,0,0,1,0,0,0,1,1,0,2.0,10.5
275203,15,2,2,0,5,4,3,1,2,0,13,1,0,1,0.0,1,4.0,3.0,4,2,0,1,0,1,0,0,1,1,1,0,2.0,12.0
654594,18,1,2,0,4,2,5,1,2,8,15,0,0,1,0.0,1,2.0,1.0,2,2,2,1,0,1,0,0,1,1,1,1,0.0,14.0
820777,17,3,1,0,4,2,3,3,4,4,14,1,1,0,0.0,1,1.0,1.0,2,3,1,0,0,0,0,0,0,0,0,0,3.0,12.5
573125,18,1,1,0,5,4,2,1,2,6,15,1,0,1,0.0,1,2.0,2.0,2,2,3,1,0,0,0,0,0,1,1,0,4.0,14.5
911774,17,2,3,0,4,2,2,2,3,10,11,0,0,1,0.0,1,3.0,3.0,3,2,2,1,0,1,0,0,1,1,1,1,4.0,11.0
318126,19,1,1,0,4,5,4,1,1,6,11,1,0,1,0.0,1,3.0,2.0,3,0,2,1,0,1,0,0,1,0,1,1,3.0,10.0
979090,18,3,1,0,4,4,3,2,2,4,10,0,1,0,0.0,1,4.0,4.0,4,0,3,1,0,1,0,1,1,1,1,1,4.0,8.0
224046,16,1,1,0,4,3,4,1,2,6,8,0,1,1,1.0,0,2.0,2.0,2,2,2,1,0,1,0,0,1,0,0,0,0.0,7.0
138304,18,1,2,0,5,4,3,3,4,1,14,0,1,0,1.0,1,4.0,4.0,4,3,0,1,0,0,0,1,1,1,1,0,1.0,13.5
561243,19,1,3,0,5,4,5,1,1,0,13,0,1,1,1.0,1,2.0,2.0,2,2,2,1,0,0,0,0,1,1,1,1,0.0,12.5
516880,17,2,3,0,3,2,3,1,2,0,16,0,0,1,0.0,0,2.0,1.0,2,2,0,1,0,0,0,1,1,1,1,1,2.0,15.0
955474,18,2,1,1,5,3,3,2,3,2,9,1,1,0,0.0,1,1.0,1.0,3,2,0,2,0,1,0,0,1,0,1,1,4.0,8.0
566882,16,1,2,0,5,4,3,1,1,0,12,0,1,0,1.0,1,2.0,2.0,2,3,0,0,0,0,0,1,1,1,0,1,0.0,12.0
979858,17,2,2,0,4,4,4,4,4,0,11,1,0,1,1.0,1,4.0,3.0,4,2,0,1,0,0,0,1,1,1,1,0,3.0,10.5
882355,15,2,3,0,5,3,2,1,1,0,14,0,1,1,0.0,1,2.0,2.0,2,3,0,1,0,1,0,1,1,1,0,0,3.0,12.5
711523,17,2,2,0,5,3,2,1,1,0,17,0,1,0,0.0,1,2.0,2.0,2,2,3,1,0,1,0,1,1,1,0,0,0.0,16.0
765987,15,1,2,0,4,3,2,1,1,0,14,1,0,1,1.0,1,1.0,2.0,2,0,2,0,1,1,0,1,1,1,1,0,4.0,13.5
956748,15,3,1,0,4,2,4,3,5,2,11,1,1,0,1.0,1,1.0,3.0,0,2,3,0,0,1,0,1,1,1,1,0,2.0,10.5
352764,17,2,1,0,4,5,5,1,3,0,10,1,1,0,0.0,1,1.0,1.0,2,3,0,1,0,1,0,1,0,1,1,1,1.0,9.5
998613,16,1,2,0,5,3,3,1,2,0,13,0,0,1,0.0,0,4.0,1.0,2,2,2,1,0,0,0,1,1,1,1,1,4.0,13.5
818315,15,1,1,0,5,4,2,1,1,0,12,1,0,1,0.0,1,4.0,4.0,1,1,1,0,0,1,1,0,1,1,1,0,4.0,11.5
908350,18,2,2,0,4,4,3,1,1,2,13,0,0,1,1.0,1,1.0,1.0,2,2,2,1,0,1,0,0,0,1,0,0,2.0,13.0
467654,16,4,3,0,4,4,3,1,1,2,10,0,1,0,0.0,1,1.0,1.0,0,2,1,0,1,1,0,0,1,1,0,0,4.0,9.5
314020,15,1,2,0,2,3,4,2,4,6,11,0,0,1,0.0,1,1.0,2.0,0,3,0,0,0,0,0,0,0,1,0,1,0.0,11.0
468452,16,3,1,0,4,3,3,1,1,7,16,1,0,1,0.0,1,2.0,1.0,2,2,0,1,0,0,0,0,1,1,1,0,3.0,15.5
515515,17,1,2,0,4,3,4,1,4,4,10,1,0,1,0.0,1,3.0,3.0,2,2,3,0,0,0,0,1,0,1,1,0,3.0,10.0
500109,18,4,2,0,4,2,5,1,1,2,10,0,0,1,0.0,1,2.0,2.0,0,2,0,1,0,0,0,1,1,1,0,1,1.0,9.5
398356,21,2,2,2,5,3,3,5,2,21,10,1,0,0,1.0,1,1.0,1.0,0,2,0,2,0,1,0,1,1,0,1,1,3.0,9.5
193848,19,2,2,1,1,1,4,4,1,12,9,0,1,1,0.0,1,1.0,1.0,2,2,0,2,0,1,0,0,1,1,1,1,0.0,7.5
522515,18,1,4,0,4,3,3,1,1,0,17,0,0,1,0.0,1,4.0,3.0,2,2,3,0,0,1,0,0,1,1,1,0,2.0,16.5
108155,18,2,2,0,4,3,4,2,2,8,12,0,0,0,0.0,1,4.0,4.0,4,2,3,1,0,0,0,1,1,1,1,0,3.0,10.5
686146,15,2,3,0,4,2,2,2,2,0,12,0,0,0,0.0,1,3.0,4.0,3,4,0,0,0,1,0,0,1,1,1,1,4.0,10.5
363160,16,1,3,0,5,3,5,1,1,2,13,0,0,1,0.0,1,4.0,3.0,2,0,0,1,1,1,0,0,1,1,1,0,2.0,12.5
759347,17,1,2,0,4,2,2,1,1,4,13,0,0,1,0.0,1,2.0,2.0,2,2,0,1,0,1,0,0,1,1,0,1,2.0,13.5
371836,15,1,3,0,5,3,3,1,3,4,15,0,0,1,0.0,1,4.0,2.0,2,2,3,1,0,1,0,1,1,1,1,0,0.0,15.0
598863,16,4,4,0,4,3,2,1,1,0,13,0,1,0,0.0,1,1.0,1.0,2,2,2,0,0,1,0,0,0,1,1,0,0.0,11.5
391999,18,2,2,0,4,3,1,1,1,10,14,0,0,1,0.0,1,2.0,1.0,2,2,3,1,0,0,0,1,1,1,1,1,4.0,12.5
237848,17,1,2,0,4,3,5,1,5,2,15,0,0,1,0.0,1,4.0,3.0,1,2,2,1,0,1,0,1,1,1,1,0,1.0,14.0
653880,15,2,1,0,3,2,3,1,3,0,11,1,1,1,0.0,1,3.0,1.0,2,3,2,1,0,1,0,0,1,1,0,0,3.0,9.5
555808,15,1,4,0,5,5,4,1,2,6,13,1,0,1,0.0,1,2.0,2.0,3,3,2,0,0,1,0,1,1,1,1,0,4.0,13.5
786337,17,2,2,0,4,3,3,1,2,2,12,0,1,0,0.0,1,4.0,4.0,4,3,1,0,0,1,1,1,1,1,1,0,4.0,12.0
421879,15,1,2,0,4,4,1,1,1,0,14,1,0,1,0.0,1,4.0,3.0,4,2,3,1,0,0,0,0,1,1,1,0,0.0,12.5
672843,15,1,4,0,3,3,3,1,1,0,10,1,0,1,0.0,1,4.0,2.0,2,2,0,1,0,0,0,0,1,1,1,0,2.0,10.0
633556,15,1,4,0,5,1,2,1,1,4,10,0,0,1,0.0,1,2.0,2.0,2,2,0,1,1,1,0,0,1,1,1,0,2.0,10.0
722794,16,1,1,0,5,3,2,1,2,4,15,1,0,1,0.0,1,4.0,4.0,3,3,0,1,0,0,1,1,1,1,1,0,4.0,14.5
650929,15,2,2,0,5,4,3,1,2,0,10,0,1,0,1.0,1,1.0,1.0,0,3,3,0,0,1,0,0,1,1,1,0,3.0,10.0
123247,15,1,1,0,5,3,3,1,1,2,12,1,0,1,0.0,1,4.0,4.0,3,2,0,1,0,1,1,1,0,1,1,0,4.0,12.5
